{"sections":{"image_banner_q8zrgk":{"type":"image-banner","blocks":{"heading_Abqrpq":{"type":"heading","settings":{"heading":"Clean homes with soft microfiber cloths","font_size":100,"mobile_font_size":55,"heading_spacing":10}},"text_nNAhyH":{"type":"text","settings":{"text":"Clean streak-free with soft microfiber sheets","text_style":"body","text_spacing":30}},"buttons_YRXBcd":{"type":"buttons","settings":{"button_label_1":"SHOP NOW","button_link_1":"shopify:\/\/collections\/all","button_style_secondary_1":false,"button_label_2":"","button_link_2":"","button_style_secondary_2":false,"button_padding":12,"button_spacing":10,"button_border_radius":4}}},"block_order":["heading_Abqrpq","text_nNAhyH","buttons_YRXBcd"],"name":"t:sections.image-banner.presets.name","settings":{"section_title":"Streak-Free Shine","image":"shopify:\/\/shop_images\/titanheroimage_397.jpg","image_alt_text":"Primary banner image","image_2_alt_text":"Secondary banner image","video_url":"","video_alt_text":"Banner video","image_overlay_opacity":50,"overlay_color":"#000000","desktop_image_height":"medium","mobile_image_height":"medium","image_behavior":"none","background_color":"#ffffff","text_color":"#ffffff","button_background_color":"#FF6600","button_text_color":"#ffffff","color_scheme":"","heading_font_weight":"700","subheading_font_weight":"500","text_font_weight":"500","text_alignment":"center","mobile_subheading_size":3.3,"mobile_text_size":1.5,"mobile_heading_line_height":0.8,"mobile_heading_letter_spacing":-3.6,"desktop_heading_line_height":1,"desktop_heading_letter_spacing":-2.5,"mobile_subheading_line_height":1.4,"mobile_subheading_letter_spacing":0,"desktop_subheading_line_height":1.4,"desktop_subheading_letter_spacing":0.5,"mobile_text_line_height":1.5,"mobile_text_letter_spacing":0,"desktop_text_line_height":1.3,"desktop_text_letter_spacing":1.6,"padding_top":40,"padding_bottom":40,"mobile_padding_top":20,"mobile_padding_bottom":20,"content_width":80,"box_shadow":false,"desktop_content_position":"middle-center","desktop_content_alignment":"center","show_text_box":false,"stack_images_on_mobile":false,"mobile_content_alignment":"center","show_text_below":false,"content_animation":"fadeIn","button_hover_effect":"scale(1.05)"}},"horizontal_ticker_trerBJ":{"type":"horizontal-ticker","blocks":{"text_Hkfhqt":{"type":"text","settings":{"title":"Lint-free microfiber material"}},"text_PJg76U":{"type":"text","settings":{"title":"Easy hand wash care"}},"text_NfJk9D":{"type":"text","settings":{"title":"Compact 20x22 cm size"}}},"block_order":["text_Hkfhqt","text_PJg76U","text_NfJk9D"],"name":"Horizontal Ticker","settings":{"visibility":"always-display","heading":"","header_font_size":38,"mobile_header_font_size":30,"speed":3,"mobile_spacing":60,"desktop_spacing":100,"color_scheme":"custom","text_font_size":26,"mobile_text_font_size":22,"text_font_weight":700,"italic_text":false,"uppercase_text":true,"mobile_image_height":26,"desktop_image_height":40,"hidden_products":"","enable_specific_display":false,"displayed_products":"","mobile_padding_top":12,"mobile_padding_bottom":12,"desktop_padding_top":16,"desktop_padding_bottom":16,"custom_colors_background":"#FFCC99","custom_gradient_background":"","custom_colors_text":"#ff3c3c"}},"image_with_text_Pp6VbM":{"type":"image-with-text","blocks":{"heading_43YKEF":{"type":"heading","settings":{"heading":"Streak-Free Shine","heading_size":"h1"}},"text_mJpQmq":{"type":"text","settings":{"text":"<p>These microfiber cloths trap dust and dirt effectively, leaving surfaces spotless and gleaming without harsh chemicals. Ideal for daily cleaning tasks around the home.<\/p>","text_style":"body"}}},"block_order":["heading_43YKEF","text_mJpQmq"],"name":"t:sections.image-with-text.presets.name","settings":{"image":"shopify:\/\/shop_images\/titanproduct1_397.jpg","height":"adapt","desktop_image_width":"medium","layout":"image_first","image_behavior":"none","content_layout":"no-overlap","desktop_content_position":"middle","desktop_content_alignment":"left","mobile_content_alignment":"left","enable_divider":false,"divider_color":"#FF6600","divider_style":"curved-notch","section_color_scheme":"","color_scheme":"","padding_top":36,"padding_bottom":36}},"section_divider_mr9BEf":{"type":"section-divider","name":"Section Divider","settings":{"visibility":"always-display","shape":"waves_3","flip_horizontal":false,"flip_vertical":false,"shape_color":"custom","custom_shape_color":"#FF6600","background_color":"custom","custom_background_color":"#ffffff","padding_top":0,"padding_bottom":0}},"section_divider_hwbKeN":{"type":"section-divider","name":"Section Divider","settings":{"visibility":"always-display","shape":"waves_3","flip_horizontal":true,"flip_vertical":true,"shape_color":"custom","custom_shape_color":"#FF6600","background_color":"custom","custom_background_color":"#ffffff","padding_top":0,"padding_bottom":0}},"icons_with_content_hrx7HM":{"type":"icons-with-content","blocks":{"icon_rqwar8":{"type":"icon","settings":{"icon":"check","filled_icon":false,"image":"shopify:\/\/shop_images\/check.png","title":"Superior dust capture","text":"<p>The microfiber weave grabs particles that ordinary cloths miss, making cleanup faster and more thorough. This leads to visibly cleaner results with less effort.<\/p>"}},"icon_r7aT36":{"type":"icon","settings":{"icon":"check_circle","filled_icon":false,"image":"shopify:\/\/shop_images\/check.png","title":"Gentle on surfaces","text":"<p>Designed to be soft yet effective, these cloths protect delicate finishes without scratching or leaving residue behind.<\/p>"}},"heading_rEewLN":{"type":"heading","settings":{"title":"Versatile Cleaning Power","title_highlight_color":"#6d388b","heading_size":"h1"}},"text_rkzCpC":{"type":"text","settings":{"text":"<p>Microfiber cleaning cloths offer superior absorbency and gentle cleaning for all surfaces, from glass to wood. Their random color combo adds variety to your cleaning routine, while the lightweight 200-gram pack ensures portability. Use them wet or dry for optimal results.<\/p>","text_style":"body"}},"button_VMfiUF":{"type":"button","settings":{"button_label":"BUY NOW","button_link":"shopify:\/\/collections\/all","button_style_secondary":false}}},"block_order":["icon_rqwar8","icon_r7aT36","heading_rEewLN","text_rkzCpC","button_VMfiUF"],"name":"Icons with content","settings":{"display_id":false,"visibility":"always-display","color_scheme":"background-1","icon_size":"m","icon_position":"next-to-title","icon_color":"#FF6600","icon_heading_size":"h3","icon_text_alignment":"left","icons_desktop_layout":"1-column","icons_mobile_layout":"2-columns","desktop_content_alignment":"left","layout":"image_first","mobile_layout":"text_first","hide_content_on_mobile":false,"padding_top":36,"padding_bottom":36,"custom_colors_background":"#ffffff","custom_gradient_background":"","custom_colors_text":"#2e2a39","custom_colors_solid_button_background":"#dd1d1d","custom_colors_solid_button_text":"#ffffff","custom_colors_outline_button":"#dd1d1d"}},"section_divider_bdr7Cx":{"type":"section-divider","name":"Section Divider","settings":{"visibility":"always-display","shape":"waves_3","flip_horizontal":true,"flip_vertical":false,"shape_color":"custom","custom_shape_color":"#FF6600","background_color":"custom","custom_background_color":"#ffffff","padding_top":0,"padding_bottom":0}},"section_divider_NwJBcr":{"type":"section-divider","name":"Section Divider","settings":{"visibility":"always-display","shape":"waves_3","flip_horizontal":false,"flip_vertical":true,"shape_color":"custom","custom_shape_color":"#FF6600","background_color":"custom","custom_background_color":"#ffffff","padding_top":0,"padding_bottom":0}},"results_section_2_QnJHMt":{"type":"results-section-2","name":"Results Section 2","settings":{"background_color":"#ffffff","card_background":"#f8f9fb","inner_background":"#ffffff","gradient_start":"#FF6600","gradient_end":"#FFCC99","animation_color_1":"#FF6600","animation_color_2":"#FFCC99","animation_color_3":"#FFCC99","font_size_title":20,"animation_speed":500,"title_1":"Dust removal efficiency","text_1":"Removes up to this percentage of surface dust in one pass","percentage_1":94,"title_2":"Water absorption rate","text_2":"Absorbs moisture quickly, drying surfaces fast","percentage_2":91,"title_3":"Reusable durability","text_3":"Withstands hundreds of washes for long-term use","percentage_3":87,"title_4":"Streak reduction","text_4":"Minimizes streaks for crystal-clear finishes","percentage_4":90}},"section_divider_yPwbLE":{"type":"section-divider","name":"Section Divider","settings":{"visibility":"always-display","shape":"waves_3","flip_horizontal":false,"flip_vertical":false,"shape_color":"custom","custom_shape_color":"#FF6600","background_color":"custom","custom_background_color":"#ffffff","padding_top":0,"padding_bottom":0}},"section_divider_WUTaw8":{"type":"section-divider","name":"Section Divider","settings":{"visibility":"always-display","shape":"waves_3","flip_horizontal":false,"flip_vertical":true,"shape_color":"custom","custom_shape_color":"#FF6600","background_color":"custom","custom_background_color":"#ffffff","padding_top":0,"padding_bottom":0}},"image_with_text_x4nD4m":{"type":"image-with-text","blocks":{"heading_6gfhdw":{"type":"heading","settings":{"heading":"Trusted Quality Materials","heading_size":"h1"}},"text_9m9mym":{"type":"text","settings":{"text":"<p>Crafted from high-grade microfiber, these cloths are built to last through repeated use. Backed by precise dimensions and care instructions, they deliver consistent performance you can rely on.<\/p>","text_style":"body"}}},"block_order":["heading_6gfhdw","text_9m9mym"],"name":"t:sections.image-with-text.presets.name","settings":{"image":"shopify:\/\/shop_images\/titanproduct2_397.jpg","height":"adapt","desktop_image_width":"medium","layout":"text_first","image_behavior":"none","content_layout":"no-overlap","desktop_content_position":"middle","desktop_content_alignment":"left","mobile_content_alignment":"left","enable_divider":false,"divider_color":"#000000","divider_style":"curved-notch","section_color_scheme":"","color_scheme":"","padding_top":36,"padding_bottom":36}},"as_seen_on_VGJYqd":{"type":"as-seen-on","blocks":{"logo_RPCEJe":{"type":"logo","settings":{"image":"shopify:\/\/shop_images\/FOXL.png","background_color":"rgba(0,0,0,0)","padding":"10","border":"","box_shadow":"","hover_scale":1.1,"hover_opacity":0.9}},"logo_kc6Cq4":{"type":"logo","settings":{"image":"shopify:\/\/shop_images\/HILLL.png","background_color":"rgba(0,0,0,0)","padding":"10","border":"","box_shadow":"","hover_scale":1.1,"hover_opacity":0.9}},"logo_eN7VyF":{"type":"logo","settings":{"image":"shopify:\/\/shop_images\/GUARDIANL.png","background_color":"rgba(0,0,0,0)","padding":"10","border":"","box_shadow":"","hover_scale":1.1,"hover_opacity":0.9}}},"block_order":["logo_RPCEJe","logo_kc6Cq4","logo_eN7VyF"],"name":"As Seen On","settings":{"visibility":"always-display","hidden_products":"","hidden_collections":"","hidden_tags":"","enable_specific_display":false,"displayed_products":"","heading":"As Seen On","heading_alignment":"center","heading_size":42,"heading_weight":"700","heading_color":"#000000","heading_margin":42,"mobile_speed":4,"tablet_speed":2,"desktop_speed":4,"animation_direction":"normal","pause_on_hover":false,"logo_size":130,"mobile_spacing":20,"tablet_spacing":30,"desktop_spacing":40,"border_radius":10,"mobile_padding_top":52,"mobile_padding_bottom":52,"tablet_padding_top":40,"tablet_padding_bottom":40,"desktop_padding_top":40,"desktop_padding_bottom":40,"color_scheme":"custom","custom_colors_background":"#ffffff","custom_gradient_background":"","custom_colors_text":"#000000"}},"track_order_fFqJeE":{"type":"track-order","name":"Track order","settings":{"display_id":false,"visibility":"always-display","title":"Track your order","title_highlight_color":"#6d388b","heading_size":"h1","text":"<p>Please enter your tracking number below. If your tracking number doesn't work feel free to contact us<\/p>","input_label":"Tracking number","button_label":"TRACK","button_full_width":true,"color_scheme":"Custom","padding_top":100,"padding_bottom":100,"custom_colors_background":"#ffffff","custom_gradient_background":"","custom_colors_text":"#2e2a39","custom_colors_solid_button_background":"#FF6600","custom_colors_solid_button_text":"#ffffff"}},"featured_testimonials_ewbXi3":{"type":"featured-testimonials","blocks":{"testimonial_4EpRWX":{"type":"testimonial","settings":{"quote":"These microfiber cloths are super soft and pick up dust really well. I got 25 sheets in the pack, which is plenty for my needs, and they're easy to hand wash after use.","customer_name":"Sarah M."}},"testimonial_BtqXwP":{"type":"testimonial","settings":{"quote":"I like how they're made of microfiber and come in a random color combo. The size is just right at 20x22 cm, and they've held up well so far after a couple of washes.","customer_name":"Mike R."}},"testimonial_new2":{"type":"testimonial","settings":{"quote":"Bought these for cleaning my car and windows, and they work great without leaving streaks. The pack of 25 sheets is lightweight at 200 grams, so it's easy to store.","customer_name":"Jessica L."}}},"block_order":["testimonial_4EpRWX","testimonial_BtqXwP","testimonial_new2"],"name":"Featured Testimonials","settings":{"background_color":"#ffffff","overlay_opacity":0,"padding_top":65,"padding_bottom":40,"title":"Our Customers Say","title_font_size_desktop":48,"title_font_size_mobile":36,"title_color":"#000000","title_alignment":"center","subtitle":"See why thousands love us!","subtitle_font_size_desktop":22,"subtitle_font_size_mobile":15,"subtitle_color":"#333333","grid_columns":1,"grid_gap":35,"enable_card_gradient":true,"card_gradient_start":"#FF6600","card_gradient_end":"#FFCC99","card_background":"#ff3c3c","card_border_width":0,"card_border_color":"#e8ecef","card_border_radius":12,"card_shadow_intensity":10,"card_padding":20,"quote_font_size_desktop":23,"quote_font_size_mobile":19,"quote_font_weight":"400","quote_color":"#ffffff","author_font_size_desktop":16,"author_font_size_mobile":14,"author_font_weight":"700","author_color":"#000000","image_size":100,"image_shape":"circle","image_border_width":2,"image_border_color":"#5c3399","enable_carousel":false,"carousel_speed":5}},"section_divider_nFmVjM":{"type":"section-divider","name":"Section Divider","settings":{"visibility":"always-display","shape":"waves_3","flip_horizontal":false,"flip_vertical":false,"shape_color":"custom","custom_shape_color":"#000000","background_color":"custom","custom_background_color":"#ffffff","padding_top":0,"padding_bottom":0}}},"order":["image_banner_q8zrgk","horizontal_ticker_trerBJ","image_with_text_Pp6VbM","section_divider_mr9BEf","section_divider_hwbKeN","icons_with_content_hrx7HM","section_divider_bdr7Cx","section_divider_NwJBcr","results_section_2_QnJHMt","section_divider_yPwbLE","section_divider_WUTaw8","image_with_text_x4nD4m","as_seen_on_VGJYqd","track_order_fFqJeE","featured_testimonials_ewbXi3","section_divider_nFmVjM"]}