{
  "sections": {
    "main": {
      "type": "main-page",
      "disabled": true,
      "settings": {
        "padding_top": 28,
        "padding_bottom": 28
      }
    },
    "track_order_J46gPj": {
      "type": "track-order",
      "name": "Track order",
      "settings": {
        "display_id": false,
        "visibility": "always-display",
        "title": "Track Your Order",
        "title_highlight_color": "#FF6600",
        "heading_size": "h0",
        "text": "",
        "input_label": "Tracking Number",
        "button_label": "TRACK",
        "button_full_width": true,
        "color_scheme": "custom",
        "padding_top": 36,
        "padding_bottom": 36,
        "custom_colors_background": "#ffffff",
        "custom_gradient_background": "",
        "custom_colors_text": "#000000",
        "custom_colors_solid_button_background": "#FF6600",
        "custom_colors_solid_button_text": "#ffffff"
      }
    }
  },
  "order": [
    "main",
    "track_order_J46gPj"
  ]
}