{
  "sections": {
    "sales_notifications_7h6gf4": {
      "type": "sales-notifications",
      "blocks": {
        "product_zrtyGF": {
          "type": "product",
          "settings": {
            "product": "microfiber-cleaning-cloth-25-sheets"
          }
        }
      },
      "block_order": [
        "product_zrtyGF"
      ],
      "name": "Sales Notification",
      "settings": {}
    },
    "section_divider_jDiiCB": {
      "type": "section-divider",
      "name": "Section Divider",
      "settings": {
        "visibility": "always-display",
        "shape": "waves_3",
        "flip_horizontal": false,
        "flip_vertical": true,
        "shape_color": "custom",
        "custom_shape_color": "#FF6600",
        "background_color": "custom",
        "custom_background_color": "#ffffff",
        "padding_top": 0,
        "padding_bottom": 0
      }
    },
    "main": {
      "type": "main-product",
      "blocks": {
        "hot_product_badge_W6GybL": {
          "type": "hot_product_badge",
          "settings": {
            "badge_text": "HOT PRODUCT",
            "show_badge": false
          }
        },
        "reviews_ERR8nK": {
          "type": "reviews",
          "settings": {
            "star_count": 5,
            "review_rating": "Excellent",
            "review_count": "1,200"
          }
        },
        "title": {
          "type": "title",
          "settings": {}
        },
        "price": {
          "type": "price",
          "settings": {}
        },
        "bundle_deal_YemLA7": {
          "type": "bundle_deal",
          "disabled": true,
          "settings": {
            "enable": true,
            "title": "Bundle & Save More!",
            "discount_2": 10,
            "discount_3": 25,
            "free_gift_threshold": 3
          }
        },
        "key_features_jb3fYV": {
          "type": "key_features",
          "settings": {
            "feature_1": "Super absorbent for streak-free shine",
            "feature_2": "Lint-free design prevents scratches",
            "feature_3": "Durable microfiber lasts through multiple cleanings"
          }
        },
        "quantity_selector_TUXYj3": {
          "type": "quantity_selector",
          "disabled": true,
          "settings": {}
        },
        "variant_picker_93x63t": {
          "type": "variant_picker",
          "settings": {
            "picker_type": "button",
            "swatch_shape": "circle"
          }
        },
        "buy_buttons_bUhUWa": {
          "type": "buy_buttons",
          "settings": {
            "show_dynamic_checkout": true,
            "show_gift_card_recipient": true
          }
        },
        "estimated_delivery_rKGVtE": {
          "type": "estimated_delivery",
          "settings": {
            "product_name": "Product",
            "delivery_days": 4
          }
        }
      },
      "block_order": [
        "hot_product_badge_W6GybL",
        "reviews_ERR8nK",
        "title",
        "price",
        "bundle_deal_YemLA7",
        "key_features_jb3fYV",
        "quantity_selector_TUXYj3",
        "variant_picker_93x63t",
        "buy_buttons_bUhUWa",
        "estimated_delivery_rKGVtE"
      ],
      "settings": {
        "image_zoom": "none",
        "color_scheme": "scheme-1",
        "media_size": "medium",
        "media_position": "left",
        "gallery_layout": "thumbnail_slider",
        "mobile_thumbnails": "show",
        "hide_variants": true,
        "enable_video_looping": false,
        "enable_sticky_info": true,
        "padding_top": 56,
        "padding_bottom": 56
      }
    },
    "section_divider_XxMQcR": {
      "type": "section-divider",
      "name": "Section Divider",
      "settings": {
        "visibility": "always-display",
        "shape": "waves_3",
        "flip_horizontal": false,
        "flip_vertical": false,
        "shape_color": "custom",
        "custom_shape_color": "#FF6600",
        "background_color": "custom",
        "custom_background_color": "#ffffff",
        "padding_top": 0,
        "padding_bottom": 0
      }
    },
    "section_divider_Wctkdi": {
      "type": "section-divider",
      "name": "Section Divider",
      "settings": {
        "visibility": "always-display",
        "shape": "waves_3",
        "flip_horizontal": false,
        "flip_vertical": true,
        "shape_color": "custom",
        "custom_shape_color": "#FF6600",
        "background_color": "custom",
        "custom_background_color": "#ffffff",
        "padding_top": 0,
        "padding_bottom": 0
      }
    },
    "image_with_text_yUQ7am": {
      "type": "image-with-text",
      "blocks": {
        "heading_3Mjpja": {
          "type": "heading",
          "settings": {
            "heading": "Enhanced Absorbency",
            "heading_size": "h1"
          }
        },
        "text_MtBfYW": {
          "type": "text",
          "settings": {
            "text": "<p>These microfiber cloths soak up spills and dust efficiently, delivering a spotless finish on surfaces like glass, countertops, and appliances. Their fine fibers trap particles without leaving residue, making them ideal for everyday household tasks. Experience cleaner results with less effort and fewer wipes needed.</p>",
            "text_style": "body"
          }
        },
        "button_mdDqdD": {
          "type": "button",
          "disabled": true,
          "settings": {
            "button_label": "Button label",
            "button_link": "shopify://collections/all",
            "button_style_secondary": false
          }
        }
      },
      "block_order": [
        "heading_3Mjpja",
        "text_MtBfYW",
        "button_mdDqdD"
      ],
      "name": "t:sections.image-with-text.presets.name",
      "settings": {
        "image": "shopify://shop_images/titanproduct3_397.jpg",
        "height": "adapt",
        "desktop_image_width": "medium",
        "layout": "image_first",
        "image_behavior": "none",
        "content_layout": "no-overlap",
        "desktop_content_position": "middle",
        "desktop_content_alignment": "left",
        "mobile_content_alignment": "left",
        "enable_divider": false,
        "divider_color": "#FF6600",
        "divider_style": "curved-notch",
        "section_color_scheme": "scheme-2",
        "color_scheme": "scheme-2",
        "padding_top": 36,
        "padding_bottom": 36
      }
    },
    "section_divider_EE9dYz": {
      "type": "section-divider",
      "name": "Section Divider",
      "settings": {
        "visibility": "always-display",
        "shape": "waves_3",
        "flip_horizontal": false,
        "flip_vertical": false,
        "shape_color": "custom",
        "custom_shape_color": "#FFCC99",
        "background_color": "custom",
        "custom_background_color": "#ffffff",
        "padding_top": 0,
        "padding_bottom": 0
      }
    },
    "product_highlights_8QeMxc": {
      "type": "product-highlights",
      "blocks": {
        "feature_HnEVDi": {
          "type": "feature",
          "settings": {
            "feature_text": "Absorbent",
            "feature_icon": "check",
            "feature_bg": "#000000",
            "feature_hover_bg": "#3d3d3d",
            "feature_icon_color": "#FF6600",
            "feature_text_color": "#ffffff",
            "feature_line_height": 1
          }
        },
        "feature_cwkedx": {
          "type": "feature",
          "settings": {
            "feature_text": "Lint-free",
            "feature_icon": "check",
            "feature_bg": "#000000",
            "feature_hover_bg": "#3d3d3d",
            "feature_icon_color": "#FF6600",
            "feature_text_color": "#ffffff",
            "feature_line_height": 1
          }
        },
        "feature_BD6NBL": {
          "type": "feature",
          "settings": {
            "feature_text": "Durable",
            "feature_icon": "check",
            "feature_bg": "#000000",
            "feature_hover_bg": "#3d3d3d",
            "feature_icon_color": "#FF6600",
            "feature_text_color": "#ffffff",
            "feature_line_height": 1
          }
        },
        "feature_b8txwM": {
          "type": "feature",
          "settings": {
            "feature_text": "Versatile",
            "feature_icon": "check",
            "feature_bg": "#000000",
            "feature_hover_bg": "#3d3d3d",
            "feature_icon_color": "#FF6600",
            "feature_text_color": "#ffffff",
            "feature_line_height": 1
          }
        }
      },
      "block_order": [
        "feature_HnEVDi",
        "feature_cwkedx",
        "feature_BD6NBL",
        "feature_b8txwM"
      ],
      "name": "Product Highlights",
      "settings": {
        "title": "Top Cleaning Advantages",
        "header_color": "#ffffff",
        "header_size_desktop": 59,
        "header_size_mobile": 41,
        "background_color": "#FFCC99",
        "product_image": "shopify://shop_images/titanproduct1_397.jpg",
        "image_alt": "Featured product",
        "trust_text": "Rated 4.9/5 by 2,000+",
        "trust_icon": "star",
        "trust_icon_size": 26,
        "cta_text": "",
        "cta_url": "shopify://collections/all"
      }
    },
    "section_divider_7qQeXz": {
      "type": "section-divider",
      "name": "Section Divider",
      "settings": {
        "visibility": "always-display",
        "shape": "waves_3",
        "flip_horizontal": false,
        "flip_vertical": true,
        "shape_color": "custom",
        "custom_shape_color": "#FFCC99",
        "background_color": "custom",
        "custom_background_color": "#ffffff",
        "padding_top": 0,
        "padding_bottom": 0
      }
    },
    "image_with_text_TfyxrP": {
      "type": "image-with-text",
      "blocks": {
        "heading_BPcaqR": {
          "type": "heading",
          "settings": {
            "heading": "Simple Maintenance",
            "heading_size": "h1"
          }
        },
        "text_AUB6C9": {
          "type": "text",
          "settings": {
            "text": "<p>Designed for easy care, these cloths require only hand washing to maintain their effectiveness over time. Their compact size allows for convenient storage in drawers or cabinets. Enjoy reliable performance without the hassle of complex upkeep.</p>",
            "text_style": "body"
          }
        },
        "button_PbBDTe": {
          "type": "button",
          "disabled": true,
          "settings": {
            "button_label": "Button label",
            "button_link": "shopify://collections/all",
            "button_style_secondary": false
          }
        }
      },
      "block_order": [
        "heading_BPcaqR",
        "text_AUB6C9",
        "button_PbBDTe"
      ],
      "name": "t:sections.image-with-text.presets.name",
      "settings": {
        "image": "shopify://shop_images/titanproduct4_397.jpg",
        "height": "adapt",
        "desktop_image_width": "medium",
        "layout": "text_first",
        "image_behavior": "none",
        "content_layout": "no-overlap",
        "desktop_content_position": "middle",
        "desktop_content_alignment": "left",
        "mobile_content_alignment": "left",
        "enable_divider": false,
        "divider_color": "#FF6600",
        "divider_style": "curved-notch",
        "section_color_scheme": "scheme-2",
        "color_scheme": "scheme-2",
        "padding_top": 36,
        "padding_bottom": 36
      }
    },
    "product_care_instructions_gzjTdh": {
      "type": "product-care-instructions",
      "name": "Product Care Instructions",
      "settings": {
        "heading": "How to Use",
        "heading_size_desktop": 40,
        "heading_size_mobile": 32,
        "heading_color": "#222222",
        "description": "Follow these straightforward steps for optimal cleaning results with your microfiber cloths.",
        "description_size_desktop": 16,
        "description_size_mobile": 15,
        "description_color": "#555555",
        "instruction_1": "Lightly dampen the cloth with water or mild cleaner",
        "instruction_1_icon": "fa-circle-check",
        "instruction_2": "Gently wipe the surface in circular motions",
        "instruction_2_icon": "fa-circle-check",
        "instruction_3": "Rinse the cloth and hang to air dry",
        "instruction_3_icon": "fa-circle-check",
        "instruction_4": "",
        "instruction_4_icon": "",
        "instruction_size_desktop": 21,
        "instruction_size_mobile": 14,
        "instruction_color": "#333333",
        "section_background_color": "#ffffff",
        "icon_size": 24,
        "icon_color": "#FFCC99"
      }
    },
    "section_divider_8TNg9Q": {
      "type": "section-divider",
      "name": "Section Divider",
      "settings": {
        "visibility": "always-display",
        "shape": "waves_3",
        "flip_horizontal": false,
        "flip_vertical": false,
        "shape_color": "custom",
        "custom_shape_color": "#FF6600",
        "background_color": "custom",
        "custom_background_color": "#ffffff",
        "padding_top": 0,
        "padding_bottom": 0
      }
    },
    "results_circles_EJyJpw": {
      "type": "results-circles",
      "custom_css": [],
      "name": "Results Circles",
      "settings": {
        "background_type": "solid",
        "solid_color": "#FF6600",
        "gradient_color1": "#FF6600",
        "gradient_color2": "#000000",
        "gradient_angle": 135,
        "progress_color": "#FFCC99",
        "desktop_heading": "Proven Outcomes",
        "desktop_heading_size": 32,
        "desktop_subheading": "Users report significant improvements in cleaning efficiency and surface clarity.",
        "desktop_subheading_size": 16,
        "desktop_circle_size": 150,
        "desktop_percentage_size": 30,
        "desktop_label_size": 20,
        "desktop_description_size": 16,
        "mobile_heading": "Proven Outcomes",
        "mobile_heading_size": 32,
        "mobile_subheading": "Users report significant improvements in cleaning efficiency and surface clarity.",
        "mobile_subheading_size": 16,
        "mobile_circle_size": 120,
        "mobile_percentage_size": 21,
        "mobile_label_size": 16,
        "mobile_description_size": 14,
        "stat_1_percentage": 85,
        "stat_1_label": "Removes dust effectively",
        "stat_1_description": "",
        "stat_2_percentage": 92,
        "stat_2_label": "Reduces streaks noticeably",
        "stat_2_description": "",
        "stat_3_percentage": 78,
        "stat_3_label": "Extends cloth lifespan",
        "stat_3_description": ""
      }
    },
    "section_divider_zp8gGU": {
      "type": "section-divider",
      "name": "Section Divider",
      "settings": {
        "visibility": "always-display",
        "shape": "waves_3",
        "flip_horizontal": false,
        "flip_vertical": true,
        "shape_color": "custom",
        "custom_shape_color": "#FF6600",
        "background_color": "custom",
        "custom_background_color": "#ffffff",
        "padding_top": 0,
        "padding_bottom": 0
      }
    },
    "featured_testimonials_b8V9LE": {
      "type": "featured-testimonials",
      "blocks": {
        "testimonial_QfFxDN": {
          "type": "testimonial",
          "settings": {
            "quote": "These microfiber cloths are super soft and pick up dust really well. I got 25 sheets in the pack, which is plenty for my needs, and they're easy to hand wash after use.",
            "customer_name": "Sarah M."
          }
        },
        "testimonial_jTQV7Y": {
          "type": "testimonial",
          "settings": {
            "quote": "I like how they're made of microfiber and come in a random color combo. The size is just right at 20x22 cm, and they've held up well so far after a couple of washes.",
            "customer_name": "Mike R."
          }
        },
        "testimonial_QhK9EE": {
          "type": "testimonial",
          "settings": {
            "quote": "Bought these for cleaning my car and windows, and they work great without leaving streaks. The pack of 25 sheets is lightweight at 200 grams, so it's easy to store.",
            "customer_name": "Jessica L."
          }
        }
      },
      "block_order": [
        "testimonial_QfFxDN",
        "testimonial_jTQV7Y",
        "testimonial_QhK9EE"
      ],
  "name": "Featured Testimonials",
      "settings": {
        "background_color": "#ffffff",
        "overlay_opacity": 0,
        "padding_top": 65,
        "padding_bottom": 40,
        "title": "Our Customers Say",
        "title_font_size_desktop": 48,
        "title_font_size_mobile": 36,
        "title_color": "#000000",
        "title_alignment": "center",
        "subtitle": "See why thousands love us!",
        "subtitle_font_size_desktop": 22,
        "subtitle_font_size_mobile": 15,
        "subtitle_color": "#333333",
        "grid_columns": 1,
        "grid_gap": 35,
        "enable_card_gradient": true,
        "card_gradient_start": "#FF6600",
        "card_gradient_end": "#FFCC99",
        "card_background": "#ff3c3c",
        "card_border_width": 0,
        "card_border_color": "#e8ecef",
        "card_border_radius": 12,
        "card_shadow_intensity": 10,
        "card_padding": 20,
        "quote_font_size_desktop": 23,
        "quote_font_size_mobile": 19,
        "quote_font_weight": "400",
        "quote_color": "#ffffff",
        "author_font_size_desktop": 16,
        "author_font_size_mobile": 14,
        "author_font_weight": "700",
        "author_color": "#000000",
        "image_size": 100,
        "image_shape": "circle",
        "image_border_width": 2,
        "image_border_color": "#5c3399",
        "enable_carousel": false,
        "carousel_speed": 5
      }
    },
    "collapsible_content_HfE4kT": {
      "type": "collapsible-content",
      "blocks": {
        "collapsible_row_KQtxj3": {
          "type": "collapsible_row",
          "settings": {
            "heading": "Can these cloths be machine washed?",
            "icon": "check_mark",
            "row_content": "<p>No, these microfiber cloths are designed for hand washing only to preserve their fibers and ensure long-lasting performance.</p>",
            "page": ""
          }
        },
        "collapsible_row_MMP6hA": {
          "type": "collapsible_row",
          "settings": {
            "heading": "How many cloths are in each pack?",
            "icon": "check_mark",
            "row_content": "<p>Each pack contains 25 individual microfiber cloths, providing ample supply for various cleaning needs.</p>",
            "page": ""
          }
        },
        "collapsible_row_dEYeq8": {
          "type": "collapsible_row",
          "settings": {
            "heading": "Are they safe for all surfaces?",
            "icon": "check_mark",
            "row_content": "<p>Yes, these cloths are versatile and suitable for most household surfaces, but test on delicate materials first to avoid any potential issues.</p>",
            "page": ""
          }
        },
        "collapsible_row_g7UJeJ": {
          "type": "collapsible_row",
          "settings": {
            "heading": "Are payments safe and secure?",
            "icon": "check_mark",
            "row_content": "<p>Yes, we prioritize your security. All payments are processed through encrypted, industry-standard payment gateways to ensure your financial information is protected. We comply with the latest PCI-DSS standards and never store your payment details on our servers, giving you peace of mind with every transaction.</p>",
            "page": ""
          }
        }
      },
      "block_order": [
        "collapsible_row_KQtxj3",
        "collapsible_row_MMP6hA",
        "collapsible_row_dEYeq8",
        "collapsible_row_g7UJeJ"
      ],
      "name": "t:sections.collapsible_content.presets.name",
      "settings": {
        "caption": "",
        "heading": "Frequently Asked Questions",
        "heading_size": "h1",
        "heading_alignment": "center",
        "layout": "section",
        "container_color_scheme": "scheme-3",
        "color_scheme": "scheme-2",
        "open_first_collapsible_row": false,
        "image_ratio": "adapt",
        "desktop_layout": "image_second",
        "padding_top": 36,
        "padding_bottom": 100
      }
    },
    "track_order_J46gPj": {
      "type": "track-order",
      "name": "Track order",
      "settings": {
        "display_id": false,
        "visibility": "always-display",
        "title": "Track Your Order",
        "title_highlight_color": "#FF6600",
        "heading_size": "h0",
        "text": "",
        "input_label": "Tracking Number",
        "button_label": "TRACK",
        "button_full_width": true,
        "color_scheme": "custom",
        "padding_top": 36,
        "padding_bottom": 36,
        "custom_colors_background": "#ffffff",
        "custom_gradient_background": "",
        "custom_colors_text": "#000000",
        "custom_colors_solid_button_background": "#FF6600",
        "custom_colors_solid_button_text": "#ffffff"
      }
    },
    "section_divider_QYzb6G": {
      "type": "section-divider",
      "name": "Section Divider",
      "settings": {
        "visibility": "always-display",
        "shape": "waves_3",
        "flip_horizontal": false,
        "flip_vertical": false,
        "shape_color": "custom",
        "custom_shape_color": "#000000",
        "background_color": "custom",
        "custom_background_color": "#ffffff",
        "padding_top": 0,
        "padding_bottom": 0
      }
    }
  },
  "order": [
    "sales_notifications_7h6gf4",
    "section_divider_jDiiCB",
    "main",
    "section_divider_XxMQcR",
    "section_divider_Wctkdi",
    "image_with_text_yUQ7am",
    "section_divider_EE9dYz",
    "product_highlights_8QeMxc",
    "section_divider_7qQeXz",
    "image_with_text_TfyxrP",
    "product_care_instructions_gzjTdh",
    "section_divider_8TNg9Q",
    "results_circles_EJyJpw",
    "section_divider_zp8gGU",
    "featured_testimonials_b8V9LE",
    "collapsible_content_HfE4kT",
    "track_order_J46gPj",
    "section_divider_QYzb6G"
  ]
}
