{
  "name": "t:sections.footer.name",
  "type": "footer",
  "sections": {
    "footer": {
      "type": "footer",
      "blocks": {
        "link_list": {
          "type": "link_list",
          "settings": {
            "heading": "",
            "menu": "main-menu"
          }
        },
        "text_3ViPEz": {
          "type": "text",
          "settings": {
            "heading": "",
            "subtext": "<h2>TechMasala delivers innovative cleaning solutions through smart, everyday products.</h2>"
          }
        }
      },
      "block_order": [
        "link_list",
        "text_3ViPEz"
      ],
      "settings": {
        "color_scheme": "scheme-5",
        "newsletter_enable": false,
        "newsletter_heading": "Subscribe to our emails",
        "enable_follow_on_shop": true,
        "show_social": true,
        "enable_country_selector": true,
        "enable_language_selector": true,
        "payment_enable": true,
        "show_policy": true,
        "margin_top": 0,
        "padding_top": 36,
        "padding_bottom": 36
      }
    }
  },
  "order": [
    "footer"
  ]
}