{"name":"t:sections.header.name","type":"header","sections":{"announcement-bar":{"type":"announcement-bar","blocks":{"announcement-bar-0":{"type":"announcement","settings":{"text":"TAGLINE_PLACEHOLDER","link":""}}},"block_order":["announcement-bar-0"],"disabled":true,"settings":{"auto_rotate":false,"change_slides_speed":5,"color_scheme":"scheme-3","show_line_separator":false,"show_social":false,"enable_country_selector":false,"enable_language_selector":false}},"header":{"type":"header","settings":{"logo_position":"middle-left","mobile_logo_position":"left","menu":"main-menu","menu_type_desktop":"mega","sticky_header_type":"reduce-logo-size","show_line_separator":false,"color_scheme":"scheme-3","menu_color_scheme":"scheme-3","enable_country_selector":true,"enable_language_selector":true,"enable_customer_avatar":true,"margin_bottom":0,"padding_top":8,"padding_bottom":8}}},"order":["announcement-bar","header"]}