{
  "sections": {
    "rich_text_TEVXgm": {
      "type": "rich-text",
      "blocks": {
        "heading_PeaWcN": {
          "type": "heading",
          "settings": {
            "heading": "Empower Your Tech Journey",
            "heading_size": "h1"
          }
        },
        "text_hmEr9V": {
          "type": "text",
          "settings": {
            "text": "<h2>We deliver exceptional Indian tech gadgets designed to enhance your everyday experiences with innovation and style.<\/h2>"
          }
        }
      },
      "block_order": [
        "heading_PeaWcN",
        "text_hmEr9V"
      ],
      "settings": {
        "desktop_content_position": "center",
        "content_alignment": "center",
        "color_scheme": "inverse",
        "full_width": true,
        "padding_top": 80,
        "padding_bottom": 28
      }
    },
    "collage_Ji34he": {
      "type": "collage",
      "blocks": {
        "video_x97Qak": {
          "type": "video",
          "settings": {
            "cover_image": "shopify:\/\/shop_images\/electronics-and-accessories-natural-5-bottom.jpg",
            "video_url": "https:\/\/www.youtube.com\/watch?v=_9VUPq3SxOc",
            "description": "Describe the video"
          }
        },
        "image_npPA7A": {
          "type": "image",
          "settings": {
            "image": "shopify:\/\/shop_images\/electronics-and-accessories-natural-6-middle.jpg"
          }
        },
        "image_Ur8hUb": {
          "type": "image",
          "settings": {
            "image": "shopify:\/\/shop_images\/electronics-and-accessories-natural-1-middle.jpg"
          }
        }
      },
      "block_order": [
        "video_x97Qak",
        "image_npPA7A",
        "image_Ur8hUb"
      ],
      "settings": {
        "heading": "",
        "heading_size": "h0",
        "desktop_layout": "left",
        "mobile_layout": "column",
        "card_styles": "none",
        "color_scheme": "",
        "padding_top": 32,
        "padding_bottom": 60
      }
    },
    "image_with_text_DYDtwA": {
      "type": "image-with-text",
      "blocks": {
        "heading_c6fF64": {
          "type": "heading",
          "settings": {
            "heading": "Our shop",
            "heading_size": "h2"
          }
        },
        "text_PLAK8A": {
          "type": "text",
          "settings": {
            "text": "<h3>We are pioneers in the realm of Indian tech gadgets, merging innovation with culture to bring you cutting-edge solutions.<\/h3>",
            "text_style": "body"
          }
        },
        "button_L7GN3F": {
          "type": "button",
          "settings": {
            "button_label": "Shop all",
            "button_link": "shopify:\/\/collections\/all",
            "button_style_secondary": false
          }
        }
      },
      "block_order": [
        "heading_c6fF64",
        "text_PLAK8A",
        "button_L7GN3F"
      ],
      "settings": {
        "image": "shopify:\/\/shop_images\/indian-map-floating-smartwatch_1156689-20261.avif",
        "height": "medium",
        "desktop_image_width": "large",
        "layout": "image_first",
        "image_behavior": "none",
        "content_layout": "no-overlap",
        "desktop_content_position": "middle",
        "desktop_content_alignment": "left",
        "mobile_content_alignment": "center",
        "section_color_scheme": "",
        "color_scheme": "background-2",
        "padding_top": 56,
        "padding_bottom": 60
      }
    },
    "featured_collection": {
      "type": "featured-collection",
      "custom_css": [],
      "settings": {
        "collection": "all",
        "products_to_show": 6,
        "title": "Featured products",
        "heading_size": "h1",
        "description": "",
        "show_description": false,
        "description_style": "body",
        "columns_desktop": 4,
        "enable_desktop_slider": false,
        "full_width": false,
        "show_view_all": true,
        "view_all_style": "solid",
        "color_scheme": "background-1",
        "image_ratio": "portrait",
        "image_shape": "default",
        "show_secondary_image": false,
        "show_vendor": false,
        "show_rating": false,
        "quick_add": "none",
        "columns_mobile": "2",
        "swipe_on_mobile": false,
        "padding_top": 56,
        "padding_bottom": 84
      }
    }
  },
  "order": [
    "rich_text_TEVXgm",
    "collage_Ji34he",
    "image_with_text_DYDtwA",
    "featured_collection"
  ]
}
